Animal,Sample,Genome,map_perc,unfilt_methyl,filt_methyl,GREAT_methyl_sites,GREAT_methyl_genes,methyl_CpG_perc,methyl_CHG_perc,methyl_CHH_perc,unknown_methyl_perc
chicken,CHK_1_H,galGal6,12.8,"15,523,927",917,441,625,54.4,1,0.9,2.4
chicken,CHK_2_H,galGal6,,,,,,,,,
chicken,CHK_3_H,galGal6,,,,,,,,,
chicken,CHK_4_H,galGal6,,,,,,,,,
chicken,CHK_5_H,galGal6,,,,,,,,,
eagle,IE_1_H,galGal6,2,891448,11334,4550,8487,45.4,2.7,1.3,1.1
eagle,IE_2_H,galGal6,,,,,,,,,
eagle,IE_1_H,AquChr2,58.3,,,,,56.3,1.6,1.1,4.8
eagle,IE_2_H,AquChr2,,,,,,,,,
