strand,chromosome,position,methyl_status,position_end,coverage_percent,methylated_reads,unmethylated_reads,gene_symbol,reg_start,reg_end
+,NC_006088.5,38899506,Z,38899506.0,100.0,18.0,0.0,XM_015281895.2,38805310.5,39137132.5
+,NC_006088.5,51056828,Z,51056828.0,94.4444444444444,17.0,1.0,NM_204792.1,51056370.5,51061961.5
+,NC_006088.5,51979440,Z,51979440.0,96.4285714285714,27.0,1.0,NM_001167752.2,51960947.5,52020143.5
+,NC_006088.5,51979449,Z,51979449.0,96.4285714285714,27.0,1.0,NM_001167752.2,51960947.5,52020143.5
+,NC_006088.5,51979479,Z,51979479.0,96.4285714285714,27.0,1.0,NM_001167752.2,51960947.5,52020143.5
+,NC_006088.5,77813239,Z,77813239.0,100.0,49.0,0.0,NM_001030775.1,77810539.5,77825114.5
+,NC_006088.5,77813254,Z,77813254.0,89.7959183673469,44.0,5.0,NM_001030775.1,77810539.5,77825114.5
+,NC_006088.5,83753497,Z,83753497.0,100.0,18.0,0.0,XM_004938205.2,83718812.0,83758433.0
+,NC_006088.5,92502047,Z,92502047.0,100.0,12.0,0.0,NM_001305114.2,92413227.5,92638549.0
+,NC_006088.5,92502054,Z,92502054.0,100.0,12.0,0.0,NM_001305114.2,92413227.5,92638549.0
+,NC_006088.5,92502057,Z,92502057.0,100.0,12.0,0.0,NM_001305114.2,92413227.5,92638549.0
+,NC_006088.5,100279826,Z,100279826.0,100.0,11.0,0.0,XM_025144830.1,100247186.0,100466356.5
+,NC_006088.5,109505072,Z,109505072.0,72.7272727272727,16.0,6.0,NM_001278148.1,109449678.0,109519120.0
+,NC_006088.5,110916745,Z,110916745.0,100.0,17.0,0.0,XM_015300381.2,110902270.0,110922378.0
+,NC_006088.5,113691214,Z,113691214.0,79.3103448275862,23.0,6.0,XM_015302080.2,113684879.0,113701400.0
+,NC_006088.5,113691234,Z,113691234.0,89.6551724137931,26.0,3.0,XM_015302080.2,113684879.0,113701400.0
+,NC_006088.5,113713422,Z,113713422.0,57.6923076923077,15.0,11.0,XM_025146092.1,113701400.0,113874180.0
+,NC_006088.5,131173487,Z,131173487.0,100.0,13.0,0.0,XM_004938451.3,131142129.0,131251663.0
+,NC_006088.5,133424270,Z,133424270.0,100.0,26.0,0.0,NM_001012694.2,133398549.5,133450498.0
+,NC_006088.5,136651959,Z,136651959.0,100.0,11.0,0.0,NM_001030814.1,136537458.0,136675274.5
+,NC_006088.5,136651998,Z,136651998.0,100.0,11.0,0.0,NM_001030814.1,136537458.0,136675274.5
+,NC_006088.5,161020722,Z,161020722.0,73.3333333333333,143.0,52.0,XM_025146781.1,160914154.5,162290313.0
+,NC_006088.5,161020758,Z,161020758.0,89.0052356020942,170.0,21.0,XM_025146781.1,160914154.5,162290313.0
+,NC_006088.5,163087802,Z,163087802.0,100.0,20.0,0.0,XM_004938656.3,162290313.0,163220384.5
+,NC_006088.5,163087838,Z,163087838.0,100.0,20.0,0.0,XM_004938656.3,162290313.0,163220384.5
+,NC_006088.5,163347145,Z,163347145.0,81.25,13.0,3.0,XM_015276865.2,163247973.5,163391049.5
+,NC_006088.5,169477971,Z,169477971.0,100.0,14.0,0.0,XM_004938696.3,169477292.5,169520649.0
+,NC_006088.5,170430633,Z,170430633.0,100.0,11.0,0.0,NM_001127313.1,170408444.0,170440456.0
+,NC_006088.5,172289970,Z,172289970.0,100.0,24.0,0.0,XM_417083.6,172254821.5,172423646.0
+,NC_006088.5,172289990,Z,172289990.0,91.6666666666667,22.0,2.0,XM_417083.6,172254821.5,172423646.0
+,NC_006088.5,176493962,Z,176493962.0,100.0,11.0,0.0,XM_015277670.1,176493936.0,176535903.5
+,NC_006088.5,176493984,Z,176493984.0,100.0,11.0,0.0,XM_015277670.1,176493936.0,176535903.5
+,NC_006088.5,176494006,Z,176494006.0,100.0,11.0,0.0,XM_015277670.1,176493936.0,176535903.5
+,NC_006088.5,191167736,Z,191167736.0,57.8947368421053,11.0,8.0,XM_025146927.1,191038875.0,191541756.5
+,NC_006088.5,191167744,Z,191167744.0,68.4210526315789,13.0,6.0,XM_025146927.1,191038875.0,191541756.5
-,NC_006088.5,6499525,z,6499525.0,92.3076923076923,12.0,1.0,NM_001030840.2,6477557.0,6571229.0
-,NC_006088.5,7331572,z,7331572.0,96.0,24.0,1.0,NM_001282235.1,7307472.0,7355252.5
-,NC_006088.5,15883537,z,15883537.0,63.1578947368421,12.0,7.0,XM_423746.6,15858034.0,15958183.0
-,NC_006088.5,36237808,z,36237808.0,95.6521739130435,22.0,1.0,NM_001199650.1,36138157.0,36301118.5
-,NC_006088.5,50977714,z,50977714.0,64.7058823529412,11.0,6.0,XM_015284449.2,50977472.0,50978583.5
-,NC_006088.5,51202644,z,51202644.0,94.7368421052632,18.0,1.0,XM_015288433.2,51196696.0,51206733.0
-,NC_006088.5,60961138,z,60961138.0,84.6153846153846,11.0,2.0,XM_015286135.2,60958314.5,60975414.0
-,NC_006088.5,67644491,z,67644491.0,72.5,29.0,11.0,XM_015291434.2,67635785.5,67659347.0
-,NC_006088.5,69919890,z,69919890.0,94.1176470588235,16.0,1.0,XM_015291043.2,69887293.5,69921529.0
-,NC_006088.5,74357492,z,74357492.0,96.551724137931,28.0,1.0,XM_025142538.1,74314006.0,74443912.5
-,NC_006088.5,84473514,z,84473514.0,70.5882352941177,12.0,5.0,XM_025143756.1,84451241.5,84502678.5
-,NC_006088.5,84473548,z,84473548.0,70.5882352941177,12.0,5.0,XM_025143756.1,84451241.5,84502678.5
-,NC_006088.5,107366257,z,107366257.0,53.3333333333333,16.0,14.0,XM_025146753.1,107359045.0,107631240.5
-,NC_006088.5,113672634,z,113672634.0,84.6153846153846,11.0,2.0,XM_025152025.1,113623949.5,113684879.0
-,NC_006088.5,114000214,z,114000214.0,96.6666666666667,29.0,1.0,NM_213575.1,113874180.0,114061228.0
-,NC_006088.5,134226031,z,134226031.0,78.5714285714286,11.0,3.0,NM_001030343.1,134191623.0,134409676.0
+,NC_006089.5,587878,Z,587878.0,100.0,16.0,0.0,XM_025147382.1,585635.0,588831.0
+,NC_006089.5,587884,Z,587884.0,93.75,15.0,1.0,XM_025147382.1,585635.0,588831.0
+,NC_006089.5,587900,Z,587900.0,100.0,16.0,0.0,XM_025147382.1,585635.0,588831.0
+,NC_006089.5,587911,Z,587911.0,81.25,13.0,3.0,XM_025147382.1,585635.0,588831.0
+,NC_006089.5,587914,Z,587914.0,100.0,16.0,0.0,XM_025147382.1,585635.0,588831.0
+,NC_006089.5,19951849,Z,19951849.0,75.0,12.0,4.0,XM_015281386.2,19930642.0,19997239.0
+,NC_006089.5,24402634,Z,24402634.0,57.8947368421053,11.0,8.0,NM_001080890.1,24382813.5,24443096.0
+,NC_006089.5,24402662,Z,24402662.0,68.4210526315789,13.0,6.0,NM_001080890.1,24382813.5,24443096.0
+,NC_006089.5,32277205,Z,32277205.0,70.8333333333333,17.0,7.0,XM_025147204.1,32229959.0,32312094.5
+,NC_006089.5,32277228,Z,32277228.0,83.3333333333333,20.0,4.0,XM_025147204.1,32229959.0,32312094.5
+,NC_006089.5,37486917,Z,37486917.0,100.0,19.0,0.0,NM_205326.1,37401527.0,37593151.0
+,NC_006089.5,54090821,Z,54090821.0,95.0,19.0,1.0,XM_015275907.2,53902872.5,54242675.0
+,NC_006089.5,54090846,Z,54090846.0,100.0,20.0,0.0,XM_015275907.2,53902872.5,54242675.0
+,NC_006089.5,54090848,Z,54090848.0,100.0,20.0,0.0,XM_015275907.2,53902872.5,54242675.0
+,NC_006089.5,61787878,Z,61787878.0,72.7272727272727,16.0,6.0,XM_004939643.2,61727564.5,61902656.0
+,NC_006089.5,63384911,Z,63384911.0,100.0,18.0,0.0,XM_015275986.2,63378894.0,63468232.0
+,NC_006089.5,66901349,Z,66901349.0,92.8571428571429,13.0,1.0,XM_015282186.2,66877076.0,66936791.0
+,NC_006089.5,85469842,Z,85469842.0,100.0,34.0,0.0,XM_015282337.2,85177304.5,85559469.0
+,NC_006089.5,87085188,Z,87085188.0,89.7959183673469,44.0,5.0,NM_001030338.1,87002085.5,87110134.5
+,NC_006089.5,87085228,Z,87085228.0,91.8367346938776,45.0,4.0,NM_001030338.1,87002085.5,87110134.5
+,NC_006089.5,87085490,Z,87085490.0,72.2222222222222,13.0,5.0,NM_001030338.1,87002085.5,87110134.5
+,NC_006089.5,113961706,Z,113961706.0,100.0,20.0,0.0,NM_001006391.1,113824542.0,114112366.0
+,NC_006089.5,113961744,Z,113961744.0,90.0,18.0,2.0,NM_001006391.1,113824542.0,114112366.0
+,NC_006089.5,130103297,Z,130103297.0,67.8571428571429,19.0,9.0,XM_418380.6,130025144.5,130324711.0
+,NC_006089.5,131572823,Z,131572823.0,100.0,15.0,0.0,XM_025148136.1,131507198.5,131573832.5
+,NC_006089.5,132286030,Z,132286030.0,75.0,12.0,4.0,NM_001198680.1,132245564.0,132291708.0
+,NC_006089.5,148804282,Z,148804282.0,96.2962962962963,26.0,1.0,XM_015283219.2,148741820.5,148823864.0
-,NC_006089.5,318757,z,318757.0,78.5714285714286,11.0,3.0,NM_204963.1,311993.0,322689.0
-,NC_006089.5,318768,z,318768.0,92.8571428571429,13.0,1.0,NM_204963.1,311993.0,322689.0
-,NC_006089.5,318799,z,318799.0,78.5714285714286,11.0,3.0,NM_204963.1,311993.0,322689.0
-,NC_006089.5,3998190,z,3998190.0,72.7272727272727,16.0,6.0,XM_015281126.2,3997509.0,4025377.0
-,NC_006089.5,3998234,z,3998234.0,90.9090909090909,20.0,2.0,XM_015281126.2,3997509.0,4025377.0
-,NC_006089.5,8164004,z,8164004.0,92.8571428571429,13.0,1.0,NM_204821.1,8110122.0,8333660.0
-,NC_006089.5,8165992,z,8165992.0,88.2352941176471,15.0,2.0,NM_204821.1,8110122.0,8333660.0
-,NC_006089.5,32607007,z,32607007.0,90.9090909090909,50.0,5.0,NM_001030346.2,32599693.5,32616367.5
-,NC_006089.5,32675007,z,32675007.0,68.75,11.0,5.0,NM_204139.1,32672287.0,32686876.0
-,NC_006089.5,37772226,z,37772226.0,87.8787878787879,29.0,4.0,NM_205082.1,37740098.0,37786047.0
-,NC_006089.5,37772267,z,37772267.0,87.8787878787879,29.0,4.0,NM_205082.1,37740098.0,37786047.0
-,NC_006089.5,48344172,z,48344172.0,85.7142857142857,12.0,2.0,XM_418851.6,48330417.5,48447804.0
-,NC_006089.5,48344199,z,48344199.0,85.7142857142857,12.0,2.0,XM_418851.6,48330417.5,48447804.0
-,NC_006089.5,91161168,z,91161168.0,52.3809523809524,11.0,10.0,XM_015282420.2,91075704.0,91362832.0
-,NC_006089.5,91161205,z,91161205.0,85.7142857142857,18.0,3.0,XM_015282420.2,91075704.0,91362832.0
-,NC_006089.5,99109414,z,99109414.0,89.0625,57.0,7.0,XM_015282551.2,98933238.0,99214619.0
-,NC_006089.5,142696231,z,142696231.0,56.5217391304348,13.0,10.0,XM_004940050.3,142312625.0,142825769.0
+,NC_006090.5,11088946,Z,11088946.0,65.625,21.0,11.0,XM_015278041.2,11084141.0,11312482.5
+,NC_006090.5,40055796,Z,40055796.0,69.2307692307692,18.0,8.0,XM_419573.6,40043917.0,40056303.5
+,NC_006090.5,40055812,Z,40055812.0,88.4615384615385,23.0,3.0,XM_419573.6,40043917.0,40056303.5
+,NC_006090.5,40055830,Z,40055830.0,80.7692307692308,21.0,5.0,XM_419573.6,40043917.0,40056303.5
+,NC_006090.5,71395964,Z,71395964.0,90.3225806451613,28.0,3.0,NM_001167765.1,71395956.0,71405238.0
+,NC_006090.5,79611497,Z,79611497.0,100.0,14.0,0.0,XM_015284731.2,79584215.0,79625290.5
+,NC_006090.5,105065069,Z,105065069.0,86.6666666666667,13.0,2.0,XM_015285216.2,105061870.0,105069161.0
+,NC_006090.5,105065099,Z,105065099.0,84.6153846153846,11.0,2.0,XM_015285216.2,105061870.0,105069161.0
-,NC_006090.5,1639241,z,1639241.0,93.75,15.0,1.0,XM_015283304.2,1409112.0,1875942.0
-,NC_006090.5,2735843,z,2735843.0,91.6666666666667,11.0,1.0,XM_015283353.1,2703454.5,2795759.0
-,NC_006090.5,2735861,z,2735861.0,91.6666666666667,11.0,1.0,XM_015283353.1,2703454.5,2795759.0
-,NC_006090.5,3651700,z,3651700.0,92.3076923076923,12.0,1.0,XM_025148639.1,3616453.0,3663057.0
-,NC_006090.5,3651745,z,3651745.0,84.6153846153846,11.0,2.0,XM_025148639.1,3616453.0,3663057.0
-,NC_006090.5,18706219,z,18706219.0,85.7142857142857,12.0,2.0,XM_015283902.2,18696098.0,18711117.0
-,NC_006090.5,18706229,z,18706229.0,78.5714285714286,11.0,3.0,XM_015283902.2,18696098.0,18711117.0
-,NC_006090.5,34996310,z,34996310.0,75.0,12.0,4.0,XM_015283985.2,34931288.0,34997072.0
-,NC_006090.5,48206684,z,48206684.0,96.2962962962963,26.0,1.0,XM_025149066.1,48204078.0,48212611.5
-,NC_006090.5,49706145,z,49706145.0,97.7777777777778,44.0,1.0,XM_419682.5,49701796.0,49715389.5
-,NC_006090.5,65872144,z,65872144.0,78.5714285714286,11.0,3.0,XM_015284581.2,65860167.5,65937531.5
+,NC_006091.5,94840,Z,94840.0,73.3333333333333,11.0,4.0,XM_015285257.2,79714.0,95520.5
+,NC_006091.5,5251639,Z,5251639.0,91.1764705882353,31.0,3.0,XM_015278278.2,5208439.0,5504359.0
+,NC_006091.5,5338188,Z,5338188.0,86.6666666666667,13.0,2.0,XM_015278278.2,5208439.0,5504359.0
+,NC_006091.5,5338205,Z,5338205.0,100.0,15.0,0.0,XM_015278278.2,5208439.0,5504359.0
+,NC_006091.5,5338212,Z,5338212.0,100.0,15.0,0.0,XM_015278278.2,5208439.0,5504359.0
+,NC_006091.5,11038916,Z,11038916.0,82.3529411764706,14.0,3.0,NM_001079736.1,11028592.5,11056837.0
+,NC_006091.5,44831928,Z,44831928.0,100.0,15.0,0.0,XM_420536.6,44817622.0,44845229.0
+,NC_006091.5,44831940,Z,44831940.0,100.0,15.0,0.0,XM_420536.6,44817622.0,44845229.0
+,NC_006091.5,44831948,Z,44831948.0,86.6666666666667,13.0,2.0,XM_420536.6,44817622.0,44845229.0
+,NC_006091.5,44831976,Z,44831976.0,73.3333333333333,11.0,4.0,XM_420536.6,44817622.0,44845229.0
+,NC_006091.5,47945426,Z,47945426.0,86.6666666666667,13.0,2.0,XM_004941148.3,47532491.5,48068619.0
+,NC_006091.5,48328927,Z,48328927.0,86.6666666666667,13.0,2.0,XM_420575.6,48068619.0,48576284.5
+,NC_006091.5,58276717,Z,58276717.0,100.0,12.0,0.0,XM_015276310.2,58251453.5,58413961.5
+,NC_006091.5,77427961,Z,77427961.0,85.7142857142857,12.0,2.0,NM_204137.1,77420301.0,77432421.0
+,NC_006091.5,77428003,Z,77428003.0,85.7142857142857,12.0,2.0,NM_204137.1,77420301.0,77432421.0
+,NC_006091.5,86340572,Z,86340572.0,100.0,19.0,0.0,XM_025149734.1,86200360.0,86813724.0
+,NC_006091.5,86340584,Z,86340584.0,84.2105263157895,16.0,3.0,XM_025149734.1,86200360.0,86813724.0
+,NC_006091.5,90020312,Z,90020312.0,100.0,27.0,0.0,XM_015286068.2,90012589.5,90145193.5
-,NC_006091.5,5054039,z,5054039.0,90.9090909090909,20.0,2.0,XM_004940688.2,5053526.0,5080057.0
-,NC_006091.5,5054073,z,5054073.0,72.7272727272727,16.0,6.0,XM_004940688.2,5053526.0,5080057.0
-,NC_006091.5,5188376,z,5188376.0,75.0,18.0,6.0,NM_206985.2,5180965.0,5196759.0
-,NC_006091.5,5188415,z,5188415.0,75.0,18.0,6.0,NM_206985.2,5180965.0,5196759.0
-,NC_006091.5,12416247,z,12416247.0,82.3529411764706,14.0,3.0,XM_025150052.1,12375740.0,12444424.5
-,NC_006091.5,13895753,z,13895753.0,78.5714285714286,11.0,3.0,XM_015278605.2,13890288.5,13903975.0
-,NC_006091.5,21760047,z,21760047.0,80.0,12.0,3.0,XM_015285338.2,21597480.0,21782000.0
-,NC_006091.5,21760095,z,21760095.0,93.3333333333333,14.0,1.0,XM_015285338.2,21597480.0,21782000.0
-,NC_006091.5,51139513,z,51139513.0,85.7142857142857,12.0,2.0,XM_025149518.1,51061057.0,51317175.5
-,NC_006091.5,51690926,z,51690926.0,84.6153846153846,11.0,2.0,XM_004941191.3,51678173.5,51702321.0
-,NC_006091.5,52570980,z,52570980.0,83.3333333333333,15.0,3.0,XM_015276389.2,52151908.0,52691870.5
-,NC_006091.5,68398994,z,68398994.0,63.6363636363636,14.0,8.0,XM_420732.6,68349384.5,68402731.5
-,NC_006091.5,68399020,z,68399020.0,59.0909090909091,13.0,9.0,XM_420732.6,68349384.5,68402731.5
-,NC_006091.5,83384990,z,83384990.0,73.3333333333333,11.0,4.0,NM_205509.2,83376334.0,83411594.0
-,NC_006091.5,91047878,z,91047878.0,85.7142857142857,18.0,3.0,NM_001031387.1,91045127.5,91051300.0
-,NC_006091.5,91047882,z,91047882.0,90.4761904761905,19.0,2.0,NM_001031387.1,91045127.5,91051300.0
+,NC_006092.5,1811086,Z,1811086.0,82.7586206896552,24.0,5.0,NM_001350061.1,1804462.5,1816017.5
+,NC_006092.5,8728976,Z,8728976.0,78.5714285714286,22.0,6.0,XM_025150669.1,8566775.0,8789906.5
+,NC_006092.5,24527674,Z,24527674.0,100.0,20.0,0.0,NM_001199655.1,24513994.0,24576767.5
+,NC_006092.5,24620253,Z,24620253.0,87.5,14.0,2.0,XM_421132.6,24576767.5,24634173.5
+,NC_006092.5,26036006,Z,26036006.0,44.4444444444444,36.0,45.0,XM_025151265.1,26007047.5,26057131.0
+,NC_006092.5,26036017,Z,26036017.0,54.320987654321,44.0,37.0,XM_025151265.1,26007047.5,26057131.0
+,NC_006092.5,31430341,Z,31430341.0,91.6666666666667,22.0,2.0,XM_025150560.1,31193275.5,31436635.0
+,NC_006092.5,31430378,Z,31430378.0,95.8333333333333,23.0,1.0,XM_025150560.1,31193275.5,31436635.0
+,NC_006092.5,38255910,Z,38255910.0,100.0,14.0,0.0,XM_015287699.2,38240943.0,38268688.5
+,NC_006092.5,38479501,Z,38479501.0,65.0,13.0,7.0,XM_015287389.2,38476129.0,38484184.0
+,NC_006092.5,38479526,Z,38479526.0,100.0,20.0,0.0,XM_015287389.2,38476129.0,38484184.0
+,NC_006092.5,38479528,Z,38479528.0,100.0,20.0,0.0,XM_015287389.2,38476129.0,38484184.0
+,NC_006092.5,38479534,Z,38479534.0,100.0,20.0,0.0,XM_015287389.2,38476129.0,38484184.0
+,NC_006092.5,39083254,Z,39083254.0,100.0,20.0,0.0,XM_015287715.2,39002850.0,39084914.5
+,NC_006092.5,39083266,Z,39083266.0,100.0,20.0,0.0,XM_015287715.2,39002850.0,39084914.5
+,NC_006092.5,39083290,Z,39083290.0,100.0,20.0,0.0,XM_015287715.2,39002850.0,39084914.5
+,NC_006092.5,40267202,Z,40267202.0,100.0,12.0,0.0,NM_001271924.1,40046521.5,40317982.0
+,NC_006092.5,40324393,Z,40324393.0,93.3333333333333,14.0,1.0,XM_015287443.2,40317982.0,40537432.0
+,NC_006092.5,51707318,Z,51707318.0,100.0,11.0,0.0,XM_015287937.2,51705419.5,51721328.0
+,NC_006092.5,51954142,Z,51954142.0,100.0,18.0,0.0,XM_015287870.2,51927665.0,51955954.0
+,NC_006092.5,55004951,Z,55004951.0,100.0,17.0,0.0,XM_004936538.3,55002649.0,55008057.0
+,NC_006092.5,55004985,Z,55004985.0,88.2352941176471,15.0,2.0,XM_004936538.3,55002649.0,55008057.0
-,NC_006092.5,23905575,z,23905575.0,92.8571428571429,13.0,1.0,XM_015287049.2,23889386.0,23912009.5
-,NC_006092.5,23905608,z,23905608.0,85.7142857142857,12.0,2.0,XM_015287049.2,23889386.0,23912009.5
-,NC_006092.5,37372808,z,37372808.0,92.8571428571429,13.0,1.0,XM_004941922.3,37293745.5,37378996.0
-,NC_006092.5,37372883,z,37372883.0,68.75,11.0,5.0,XM_004941922.3,37293745.5,37378996.0
-,NC_006092.5,38644765,z,38644765.0,75.5102040816327,37.0,12.0,NM_205454.1,38604894.0,38678116.0
-,NC_006092.5,58292688,z,58292688.0,82.6086956521739,19.0,4.0,XM_421472.6,58291087.0,58312235.0
-,NC_006092.5,58636238,z,58636238.0,87.1794871794872,34.0,5.0,NM_205237.3,58589351.5,58790221.5
-,NC_006092.5,58636269,z,58636269.0,48.7179487179487,19.0,20.0,NM_205237.3,58589351.5,58790221.5
+,NC_006093.5,11716546,Z,11716546.0,100.0,14.0,0.0,XM_025151703.1,11674438.0,11749003.0
+,NC_006093.5,11716562,Z,11716562.0,100.0,14.0,0.0,XM_025151703.1,11674438.0,11749003.0
+,NC_006093.5,14640715,Z,14640715.0,100.0,13.0,0.0,XM_015288155.2,14212299.5,14790300.5
+,NC_006093.5,14640720,Z,14640720.0,100.0,13.0,0.0,XM_015288155.2,14212299.5,14790300.5
+,NC_006093.5,23968392,Z,23968392.0,81.9444444444444,59.0,13.0,NM_001178143.1,23883088.0,23970223.0
+,NC_006093.5,23968393,Z,23968393.0,84.0,21.0,4.0,NM_001178143.1,23883088.0,23970223.0
+,NC_006093.5,23968409,Z,23968409.0,97.2222222222222,70.0,2.0,NM_001178143.1,23883088.0,23970223.0
+,NC_006093.5,23968414,Z,23968414.0,100.0,72.0,0.0,NM_001178143.1,23883088.0,23970223.0
+,NC_006093.5,23968429,Z,23968429.0,97.1830985915493,69.0,2.0,NM_001178143.1,23883088.0,23970223.0
+,NC_006093.5,27145844,Z,27145844.0,85.7142857142857,12.0,2.0,XM_025151613.1,27145553.0,27168272.5
+,NC_006093.5,27145862,Z,27145862.0,100.0,14.0,0.0,XM_025151613.1,27145553.0,27168272.5
+,NC_006093.5,27815563,Z,27815563.0,100.0,16.0,0.0,XM_015288703.2,27694281.0,27850530.5
+,NC_006093.5,27815600,Z,27815600.0,100.0,16.0,0.0,XM_015288703.2,27694281.0,27850530.5
+,NC_006093.5,32538862,Z,32538862.0,85.7142857142857,12.0,2.0,XM_015288690.2,32459235.0,32568992.0
+,NC_006093.5,34584869,Z,34584869.0,100.0,23.0,0.0,XM_025151669.1,34325306.0,34634266.5
+,NC_006093.5,34895746,Z,34895746.0,93.75,15.0,1.0,XM_025152041.1,34634266.5,34943227.0
+,NC_006093.5,35009314,Z,35009314.0,100.0,12.0,0.0,XM_025152045.1,34951754.0,35032368.0
-,NC_006093.5,15419295,z,15419295.0,85.7142857142857,12.0,2.0,XM_025151909.1,15419107.5,15546693.0
-,NC_006093.5,18770224,z,18770224.0,76.1904761904762,16.0,5.0,XM_015288443.2,18727697.5,18772474.0
-,NC_006093.5,23082654,z,23082654.0,48.1481481481481,13.0,14.0,NM_205031.2,23073828.5,23089184.0
-,NC_006093.5,23082670,z,23082670.0,40.7407407407407,11.0,16.0,NM_205031.2,23073828.5,23089184.0
-,NC_006093.5,24092243,z,24092243.0,76.4705882352941,13.0,4.0,XM_015288746.2,24081460.5,24098675.0
-,NC_006093.5,33373499,z,33373499.0,85.0,34.0,6.0,XM_001231849.5,33319922.0,33445110.5
-,NC_006093.5,36137338,z,36137338.0,86.6666666666667,13.0,2.0,NM_001199548.1,36110395.5,36217008.0
+,NC_006094.5,4867510,Z,4867510.0,100.0,12.0,0.0,XM_015289155.2,4852453.0,4910629.5
+,NC_006094.5,4867545,Z,4867545.0,100.0,12.0,0.0,XM_015289155.2,4852453.0,4910629.5
+,NC_006094.5,4867554,Z,4867554.0,100.0,12.0,0.0,XM_015289155.2,4852453.0,4910629.5
+,NC_006094.5,13851203,Z,13851203.0,100.0,15.0,0.0,XM_015289537.2,13826250.0,13854851.5
+,NC_006094.5,22052721,Z,22052721.0,100.0,12.0,0.0,XM_015289710.1,22052439.0,22054024.5
+,NC_006094.5,22052731,Z,22052731.0,100.0,12.0,0.0,XM_015289710.1,22052439.0,22054024.5
+,NC_006094.5,22052736,Z,22052736.0,100.0,12.0,0.0,XM_015289710.1,22052439.0,22054024.5
+,NC_006094.5,22052740,Z,22052740.0,100.0,12.0,0.0,XM_015289710.1,22052439.0,22054024.5
+,NC_006094.5,22052748,Z,22052748.0,100.0,12.0,0.0,XM_015289710.1,22052439.0,22054024.5
+,NC_006094.5,22052758,Z,22052758.0,100.0,12.0,0.0,XM_015289710.1,22052439.0,22054024.5
+,NC_006094.5,22052761,Z,22052761.0,100.0,12.0,0.0,XM_015289710.1,22052439.0,22054024.5
+,NC_006094.5,22052764,Z,22052764.0,100.0,12.0,0.0,XM_015289710.1,22052439.0,22054024.5
+,NC_006094.5,22113208,Z,22113208.0,92.3076923076923,12.0,1.0,XM_015290110.2,22107859.5,22131810.0
+,NC_006094.5,22303922,Z,22303922.0,89.4736842105263,17.0,2.0,NM_204957.2,22284544.5,22309160.5
+,NC_006094.5,22303937,Z,22303937.0,89.4736842105263,17.0,2.0,NM_204957.2,22284544.5,22309160.5
+,NC_006094.5,22305983,Z,22305983.0,100.0,16.0,0.0,NM_204957.2,22284544.5,22309160.5
+,NC_006094.5,22305997,Z,22305997.0,81.25,13.0,3.0,NM_204957.2,22284544.5,22309160.5
+,NC_006094.5,22306004,Z,22306004.0,100.0,16.0,0.0,NM_204957.2,22284544.5,22309160.5
+,NC_006094.5,22306023,Z,22306023.0,68.75,11.0,5.0,NM_204957.2,22284544.5,22309160.5
+,NC_006094.5,22612329,Z,22612329.0,42.8571428571429,12.0,16.0,NM_205455.1,22599361.0,22919834.0
+,NC_006094.5,25566989,Z,25566989.0,100.0,13.0,0.0,XM_025152149.1,25564114.0,25695971.5
+,NC_006094.5,25567214,Z,25567214.0,91.6666666666667,11.0,1.0,XM_025152149.1,25564114.0,25695971.5
+,NC_006094.5,25567240,Z,25567240.0,100.0,22.0,0.0,XM_025152149.1,25564114.0,25695971.5
+,NC_006094.5,25567241,Z,25567241.0,91.6666666666667,11.0,1.0,XM_025152149.1,25564114.0,25695971.5
-,NC_006094.5,22389659,z,22389659.0,92.3076923076923,12.0,1.0,NM_001006590.1,22375830.0,22394597.0
-,NC_006094.5,22492999,z,22492999.0,73.6842105263158,14.0,5.0,NM_001006521.2,22488231.5,22493025.0
-,NC_006094.5,26960717,z,26960717.0,61.5384615384615,16.0,10.0,NM_204631.2,26940479.0,27052055.0
-,NC_006094.5,35175784,z,35175784.0,84.6153846153846,11.0,2.0,XM_025152554.1,35172786.0,35177937.0
+,NC_006095.5,20914237,Z,20914237.0,93.75,30.0,2.0,NM_001109987.2,20865743.0,20924450.0
+,NC_006095.5,20914253,Z,20914253.0,93.75,30.0,2.0,NM_001109987.2,20865743.0,20924450.0
+,NC_006095.5,20960588,Z,20960588.0,100.0,12.0,0.0,XM_015291001.2,20924450.0,20978229.0
+,NC_006095.5,20999023,Z,20999023.0,64.0,16.0,9.0,NM_001012599.2,20978229.0,21058841.5
+,NC_006095.5,20999038,Z,20999038.0,100.0,25.0,0.0,NM_001012599.2,20978229.0,21058841.5
+,NC_006095.5,20999046,Z,20999046.0,92.0,23.0,2.0,NM_001012599.2,20978229.0,21058841.5
+,NC_006095.5,20999049,Z,20999049.0,92.0,23.0,2.0,NM_001012599.2,20978229.0,21058841.5
+,NC_006095.5,21013451,Z,21013451.0,100.0,22.0,0.0,NM_001012599.2,20978229.0,21058841.5
+,NC_006095.5,21026191,Z,21026191.0,100.0,17.0,0.0,NM_001012599.2,20978229.0,21058841.5
+,NC_006095.5,21026194,Z,21026194.0,82.3529411764706,14.0,3.0,NM_001012599.2,20978229.0,21058841.5
-,NC_006095.5,2679306,z,2679306.0,80.0,12.0,3.0,XM_003641669.4,2678677.0,2687318.0
-,NC_006095.5,2680371,z,2680371.0,25.531914893617,12.0,35.0,XM_003641669.4,2678677.0,2687318.0
-,NC_006095.5,4914094,z,4914094.0,78.5714285714286,11.0,3.0,XM_004943197.3,4914074.0,4915921.0
-,NC_006095.5,5030844,z,5030844.0,85.7142857142857,18.0,3.0,NM_001271930.2,5002668.0,5091557.5
-,NC_006095.5,5752879,z,5752879.0,50.0,12.0,12.0,NM_204478.3,5716796.0,5846722.0
-,NC_006095.5,5760587,z,5760587.0,73.6842105263158,14.0,5.0,NM_204478.3,5716796.0,5846722.0
-,NC_006095.5,8339196,z,8339196.0,85.7142857142857,18.0,3.0,NM_001012596.1,8335086.5,8379083.0
-,NC_006095.5,20840152,z,20840152.0,85.7142857142857,12.0,2.0,XM_015291305.2,20807036.0,20865743.0
-,NC_006095.5,23084264,z,23084264.0,69.5652173913043,16.0,7.0,XM_025153112.1,23052743.5,23207980.0
-,NC_006095.5,25872597,z,25872597.0,76.4705882352941,13.0,4.0,NM_001130488.2,25844471.0,26079897.5
-,NC_006095.5,25872612,z,25872612.0,88.2352941176471,15.0,2.0,NM_001130488.2,25844471.0,26079897.5
+,NC_006096.5,5029635,Z,5029635.0,90.9090909090909,20.0,2.0,XM_003641735.4,5028701.5,5046556.0
+,NC_006096.5,5029673,Z,5029673.0,95.4545454545455,21.0,1.0,XM_003641735.4,5028701.5,5046556.0
+,NC_006096.5,13671508,Z,13671508.0,92.3076923076923,12.0,1.0,XM_025153312.1,13602950.5,13713662.5
+,NC_006096.5,13671512,Z,13671512.0,100.0,13.0,0.0,XM_025153312.1,13602950.5,13713662.5
+,NC_006096.5,13671516,Z,13671516.0,100.0,13.0,0.0,XM_025153312.1,13602950.5,13713662.5
+,NC_006096.5,15971599,Z,15971599.0,81.25,13.0,3.0,XM_004943394.3,15959444.0,15973909.0
+,NC_006096.5,15971628,Z,15971628.0,75.0,12.0,4.0,XM_004943394.3,15959444.0,15973909.0
+,NC_006096.5,22794085,Z,22794085.0,100.0,22.0,0.0,XM_015291786.2,22702940.5,22794378.0
+,NC_006096.5,22794132,Z,22794132.0,59.0909090909091,13.0,9.0,XM_015291786.2,22702940.5,22794378.0
+,NC_006096.5,22794363,Z,22794363.0,91.6666666666667,11.0,1.0,XM_015291786.2,22702940.5,22794378.0
-,NC_006096.5,4392864,z,4392864.0,81.25,13.0,3.0,NM_204761.1,4337620.5,4446973.0
-,NC_006096.5,4392868,z,4392868.0,87.5,14.0,2.0,NM_204761.1,4337620.5,4446973.0
-,NC_006096.5,15072773,z,15072773.0,91.6666666666667,11.0,1.0,NM_001277697.1,15069939.0,15078207.5
+,NC_006097.5,13342349,Z,13342349.0,64.2857142857143,18.0,10.0,NM_001004370.1,13289974.5,13342606.0
+,NC_006097.5,13342354,Z,13342354.0,53.5714285714286,15.0,13.0,NM_001004370.1,13289974.5,13342606.0
+,NC_006097.5,13662644,Z,13662644.0,100.0,11.0,0.0,NM_205169.1,13642650.0,13669401.0
+,NC_006097.5,15725727,Z,15725727.0,100.0,17.0,0.0,XM_004943864.3,15437512.0,15861362.5
+,NC_006097.5,15738669,Z,15738669.0,91.6666666666667,11.0,1.0,XM_004943864.3,15437512.0,15861362.5
+,NC_006097.5,15738685,Z,15738685.0,91.6666666666667,11.0,1.0,XM_004943864.3,15437512.0,15861362.5
+,NC_006097.5,18252169,Z,18252169.0,95.0,19.0,1.0,XM_015292070.2,18250377.0,18254034.0
-,NC_006097.5,2068103,z,2068103.0,86.6666666666667,13.0,2.0,XM_425051.6,2064921.0,2070828.5
-,NC_006097.5,2068107,z,2068107.0,86.6666666666667,13.0,2.0,XM_425051.6,2064921.0,2070828.5
-,NC_006097.5,2068116,z,2068116.0,73.3333333333333,11.0,4.0,XM_425051.6,2064921.0,2070828.5
-,NC_006097.5,15127172,z,15127172.0,77.2727272727273,17.0,5.0,NM_204537.1,15090094.0,15270259.0
-,NC_006097.5,19943541,z,19943541.0,78.5714285714286,11.0,3.0,XM_025153954.1,19916364.0,19983006.5
-,NC_006097.5,19943554,z,19943554.0,73.3333333333333,11.0,4.0,XM_025153954.1,19916364.0,19983006.5
-,NC_006097.5,20364085,z,20364085.0,94.1176470588235,16.0,1.0,NM_001318407.1,20355721.5,20367180.5
+,NC_006098.5,14303018,Z,14303018.0,57.8947368421053,11.0,8.0,NM_001030574.2,14050438.0,14370335.5
+,NC_006098.5,15161532,Z,15161532.0,100.0,15.0,0.0,NM_001277615.2,15126474.0,15197673.0
+,NC_006098.5,15510614,Z,15510614.0,81.25,13.0,3.0,XM_025154368.1,15503087.0,15531377.0
+,NC_006098.5,18553683,Z,18553683.0,81.5789473684211,31.0,7.0,XM_004944307.3,18545428.5,18565135.0
+,NC_006098.5,18553733,Z,18553733.0,81.5789473684211,31.0,7.0,XM_004944307.3,18545428.5,18565135.0
+,NC_006098.5,18855196,Z,18855196.0,100.0,29.0,0.0,XM_015292579.2,18853774.0,18857625.5
+,NC_006098.5,18855204,Z,18855204.0,96.551724137931,28.0,1.0,XM_015292579.2,18853774.0,18857625.5
+,NC_006098.5,18911548,Z,18911548.0,100.0,12.0,0.0,XM_015292682.2,18909657.0,18911727.0
+,NC_006098.5,18911554,Z,18911554.0,100.0,12.0,0.0,XM_015292682.2,18909657.0,18911727.0
+,NC_006098.5,18911571,Z,18911571.0,100.0,12.0,0.0,XM_015292682.2,18909657.0,18911727.0
+,NC_006098.5,18911583,Z,18911583.0,100.0,12.0,0.0,XM_015292682.2,18909657.0,18911727.0
+,NC_006098.5,18911586,Z,18911586.0,100.0,12.0,0.0,XM_015292682.2,18909657.0,18911727.0
+,NC_006098.5,18911591,Z,18911591.0,100.0,12.0,0.0,XM_015292682.2,18909657.0,18911727.0
+,NC_006098.5,18911594,Z,18911594.0,100.0,12.0,0.0,XM_015292682.2,18909657.0,18911727.0
-,NC_006098.5,4640904,z,4640904.0,82.3529411764706,14.0,3.0,NM_001185147.1,4600018.0,4765405.0
-,NC_006098.5,17667327,z,17667327.0,75.0,18.0,6.0,XM_015292642.2,17634234.5,17694790.0
-,NC_006098.5,17667338,z,17667338.0,66.6666666666667,16.0,8.0,XM_015292642.2,17634234.5,17694790.0
-,NC_006098.5,17667352,z,17667352.0,66.6666666666667,16.0,8.0,XM_015292642.2,17634234.5,17694790.0
-,NC_006098.5,17670993,z,17670993.0,80.0,12.0,3.0,XM_015292642.2,17634234.5,17694790.0
-,NC_006098.5,18364153,z,18364153.0,47.7272727272727,21.0,23.0,NM_001277678.1,18355675.5,18374946.0
-,NC_006098.5,18428492,z,18428492.0,95.0,19.0,1.0,NM_001012935.1,18425648.5,18431558.0
+,NC_006099.5,10462063,Z,10462063.0,57.1428571428571,12.0,9.0,XM_414370.6,10299384.0,10538552.5
+,NC_006099.5,10652075,Z,10652075.0,92.3076923076923,12.0,1.0,NM_001122777.2,10538552.5,10818503.5
+,NC_006099.5,10665331,Z,10665331.0,93.3333333333333,14.0,1.0,NM_001122777.2,10538552.5,10818503.5
+,NC_006099.5,11793131,Z,11793131.0,100.0,11.0,0.0,XM_025154480.1,11782794.5,11801354.5
+,NC_006099.5,11977789,Z,11977789.0,100.0,34.0,0.0,XM_015293328.2,11972345.0,11981056.0
+,NC_006099.5,11977825,Z,11977825.0,91.1764705882353,31.0,3.0,XM_015293328.2,11972345.0,11981056.0
-,NC_006099.5,1902698,z,1902698.0,63.8297872340426,30.0,17.0,XM_015292788.2,1874445.0,1994250.5
-,NC_006099.5,1902744,z,1902744.0,55.3191489361702,26.0,21.0,XM_015292788.2,1874445.0,1994250.5
-,NC_006099.5,3014437,z,3014437.0,81.25,13.0,3.0,XM_015292821.2,3012047.0,3016333.5
-,NC_006099.5,11422890,z,11422890.0,44.4444444444444,16.0,20.0,XM_025154656.1,11420576.0,11534544.0
+,NC_006100.5,11465238,Z,11465238.0,91.6666666666667,11.0,1.0,XM_015293741.2,11391293.0,11665852.0
+,NC_006100.5,12837301,Z,12837301.0,73.9130434782609,17.0,6.0,NM_204965.1,12802240.0,12852545.5
+,NC_006100.5,13759223,Z,13759223.0,90.0,18.0,2.0,XM_004944944.2,13756319.0,13759618.5
+,NC_006100.5,17469893,Z,17469893.0,86.3636363636364,19.0,3.0,NM_204839.2,17466957.5,17507795.5
-,NC_006100.5,2745985,z,2745985.0,79.1666666666667,19.0,5.0,XM_425187.5,2699951.5,2748835.0
-,NC_006100.5,3966958,z,3966958.0,69.5652173913043,16.0,7.0,XM_015293590.2,3947149.0,3984007.5
-,NC_006100.5,10987441,z,10987441.0,91.6666666666667,11.0,1.0,XM_414475.6,10987225.0,10997906.5
-,NC_006100.5,10987444,z,10987444.0,91.6666666666667,11.0,1.0,XM_414475.6,10987225.0,10997906.5
-,NC_006100.5,10987446,z,10987446.0,91.6666666666667,11.0,1.0,XM_414475.6,10987225.0,10997906.5
+,NC_006101.5,3008138,Z,3008138.0,100.0,16.0,0.0,XM_015294134.2,3006325.0,3010979.5
+,NC_006101.5,3008153,Z,3008153.0,81.25,13.0,3.0,XM_015294134.2,3006325.0,3010979.5
+,NC_006101.5,4264143,Z,4264143.0,61.1111111111111,11.0,7.0,NM_001329508.1,4212387.5,4288877.0
+,NC_006101.5,5253087,Z,5253087.0,91.6666666666667,11.0,1.0,XM_004945190.3,5241998.0,5293344.0
+,NC_006101.5,5253114,Z,5253114.0,100.0,12.0,0.0,XM_004945190.3,5241998.0,5293344.0
+,NC_006101.5,5301967,Z,5301967.0,100.0,13.0,0.0,XM_025155323.1,5298475.0,5303620.5
+,NC_006101.5,5301977,Z,5301977.0,100.0,13.0,0.0,XM_025155323.1,5298475.0,5303620.5
+,NC_006101.5,5302003,Z,5302003.0,100.0,13.0,0.0,XM_025155323.1,5298475.0,5303620.5
+,NC_006101.5,5302006,Z,5302006.0,92.3076923076923,12.0,1.0,XM_025155323.1,5298475.0,5303620.5
+,NC_006101.5,5302015,Z,5302015.0,92.3076923076923,12.0,1.0,XM_025155323.1,5298475.0,5303620.5
+,NC_006101.5,5498633,Z,5498633.0,100.0,13.0,0.0,XM_004945206.3,5492333.0,5498874.5
+,NC_006101.5,5498643,Z,5498643.0,100.0,13.0,0.0,XM_004945206.3,5492333.0,5498874.5
+,NC_006101.5,5498653,Z,5498653.0,100.0,13.0,0.0,XM_004945206.3,5492333.0,5498874.5
+,NC_006101.5,6283128,Z,6283128.0,93.75,15.0,1.0,XM_004945219.3,6262216.0,6358821.0
+,NC_006101.5,13573443,Z,13573443.0,80.0,16.0,4.0,XM_425223.5,13565986.5,13577503.0
-,NC_006101.5,2352021,z,2352021.0,47.945205479452,35.0,38.0,NM_204306.1,2300562.0,2416852.0
-,NC_006101.5,2432499,z,2432499.0,88.2352941176471,15.0,2.0,XM_004945114.3,2416852.0,2438064.0
-,NC_006101.5,5046063,z,5046063.0,86.3636363636364,19.0,3.0,NM_001097537.1,5023256.0,5052618.0
-,NC_006101.5,5488014,z,5488014.0,93.75,15.0,1.0,NM_001256490.1,5486681.5,5490843.0
+,NC_006102.5,1226131,Z,1226131.0,88.8888888888889,16.0,2.0,XM_025155717.1,1219991.0,1229380.0
+,NC_006102.5,2409531,Z,2409531.0,100.0,17.0,0.0,XM_415088.5,2248349.5,2658490.5
+,NC_006102.5,8230141,Z,8230141.0,78.5714285714286,11.0,3.0,unknown_transcript_1,8223213.0,8236535.0
+,NC_006102.5,8230149,Z,8230149.0,78.5714285714286,11.0,3.0,unknown_transcript_1,8223213.0,8236535.0
-,NC_006102.5,5276731,z,5276731.0,54.5454545454545,30.0,25.0,NM_001277175.1,5269789.0,5280677.0
-,NC_006102.5,5276743,z,5276743.0,38.1818181818182,21.0,34.0,NM_001277175.1,5269789.0,5280677.0
-,NC_006102.5,5480990,z,5480990.0,95.2380952380952,20.0,1.0,XM_015275609.2,5464361.5,5497187.0
-,NC_006102.5,5481034,z,5481034.0,90.4761904761905,19.0,2.0,XM_015275609.2,5464361.5,5497187.0
-,NC_006102.5,10273037,z,10273037.0,92.3076923076923,12.0,1.0,NM_001277859.2,10267367.0,10278202.0
+,NC_006103.5,1839161,Z,1839161.0,86.6666666666667,13.0,2.0,XM_015295103.2,1832163.0,1865148.0
+,NC_006103.5,1839167,Z,1839167.0,69.8350071736012,1947.0,841.0,XM_015295103.2,1832163.0,1865148.0
+,NC_006103.5,1839177,Z,1839177.0,67.6166726042038,1898.0,909.0,XM_015295103.2,1832163.0,1865148.0
+,NC_006103.5,1839183,Z,1839183.0,60.5683836589698,1705.0,1110.0,XM_015295103.2,1832163.0,1865148.0
+,NC_006103.5,1839210,Z,1839210.0,62.0334162815499,1745.0,1068.0,XM_015295103.2,1832163.0,1865148.0
+,NC_006103.5,1839246,Z,1839246.0,44.8275862068966,13.0,16.0,XM_015295103.2,1832163.0,1865148.0
+,NC_006103.5,1839252,Z,1839252.0,70.3703703703704,19.0,8.0,XM_015295103.2,1832163.0,1865148.0
+,NC_006103.5,1839269,Z,1839269.0,69.5652173913043,16.0,7.0,XM_015295103.2,1832163.0,1865148.0
+,NC_006103.5,1839518,Z,1839518.0,61.7021276595745,29.0,18.0,XM_015295103.2,1832163.0,1865148.0
+,NC_006103.5,1839522,Z,1839522.0,54.1666666666667,26.0,22.0,XM_015295103.2,1832163.0,1865148.0
+,NC_006103.5,1839523,Z,1839523.0,71.0144927536232,49.0,20.0,XM_015295103.2,1832163.0,1865148.0
+,NC_006103.5,1839533,Z,1839533.0,60.4166666666667,29.0,19.0,XM_015295103.2,1832163.0,1865148.0
+,NC_006103.5,1839534,Z,1839534.0,73.9130434782609,51.0,18.0,XM_015295103.2,1832163.0,1865148.0
+,NC_006103.5,1839535,Z,1839535.0,58.3333333333333,28.0,20.0,XM_015295103.2,1832163.0,1865148.0
+,NC_006103.5,1839536,Z,1839536.0,73.9130434782609,51.0,18.0,XM_015295103.2,1832163.0,1865148.0
+,NC_006103.5,1839543,Z,1839543.0,62.5,30.0,18.0,XM_015295103.2,1832163.0,1865148.0
+,NC_006103.5,1839544,Z,1839544.0,81.1594202898551,56.0,13.0,XM_015295103.2,1832163.0,1865148.0
+,NC_006103.5,1839546,Z,1839546.0,62.5,30.0,18.0,XM_015295103.2,1832163.0,1865148.0
+,NC_006103.5,1839547,Z,1839547.0,79.7101449275362,55.0,14.0,XM_015295103.2,1832163.0,1865148.0
+,NC_006103.5,1839548,Z,1839548.0,66.6666666666667,32.0,16.0,XM_015295103.2,1832163.0,1865148.0
+,NC_006103.5,1839549,Z,1839549.0,79.7101449275362,55.0,14.0,XM_015295103.2,1832163.0,1865148.0
+,NC_006103.5,1839552,Z,1839552.0,33.3333333333333,16.0,32.0,XM_015295103.2,1832163.0,1865148.0
+,NC_006103.5,1839553,Z,1839553.0,77.6119402985075,52.0,15.0,XM_015295103.2,1832163.0,1865148.0
+,NC_006103.5,1839558,Z,1839558.0,66.6666666666667,16.0,8.0,XM_015295103.2,1832163.0,1865148.0
+,NC_006103.5,1839559,Z,1839559.0,85.7142857142857,18.0,3.0,XM_015295103.2,1832163.0,1865148.0
+,NC_006103.5,1839563,Z,1839563.0,100.0,16.0,0.0,XM_015295103.2,1832163.0,1865148.0
+,NC_006103.5,1840032,Z,1840032.0,79.2682926829268,130.0,34.0,XM_015295103.2,1832163.0,1865148.0
+,NC_006103.5,1840037,Z,1840037.0,81.0975609756098,133.0,31.0,XM_015295103.2,1832163.0,1865148.0
+,NC_006103.5,1840038,Z,1840038.0,82.2429906542056,88.0,19.0,XM_015295103.2,1832163.0,1865148.0
+,NC_006103.5,1840053,Z,1840053.0,82.9268292682927,136.0,28.0,XM_015295103.2,1832163.0,1865148.0
+,NC_006103.5,1840054,Z,1840054.0,85.981308411215,92.0,15.0,XM_015295103.2,1832163.0,1865148.0
+,NC_006103.5,1840058,Z,1840058.0,78.6585365853659,129.0,35.0,XM_015295103.2,1832163.0,1865148.0
+,NC_006103.5,1840059,Z,1840059.0,79.4392523364486,85.0,22.0,XM_015295103.2,1832163.0,1865148.0
+,NC_006103.5,1840062,Z,1840062.0,82.3170731707317,135.0,29.0,XM_015295103.2,1832163.0,1865148.0
+,NC_006103.5,1840063,Z,1840063.0,84.1121495327103,90.0,17.0,XM_015295103.2,1832163.0,1865148.0
+,NC_006103.5,1840064,Z,1840064.0,78.0487804878049,128.0,36.0,XM_015295103.2,1832163.0,1865148.0
+,NC_006103.5,1840065,Z,1840065.0,76.6355140186916,82.0,25.0,XM_015295103.2,1832163.0,1865148.0
+,NC_006103.5,1840066,Z,1840066.0,82.3170731707317,135.0,29.0,XM_015295103.2,1832163.0,1865148.0
+,NC_006103.5,1840067,Z,1840067.0,85.981308411215,92.0,15.0,XM_015295103.2,1832163.0,1865148.0
+,NC_006103.5,1840069,Z,1840069.0,80.4878048780488,132.0,32.0,XM_015295103.2,1832163.0,1865148.0
+,NC_006103.5,1840070,Z,1840070.0,77.5700934579439,83.0,24.0,XM_015295103.2,1832163.0,1865148.0
+,NC_006103.5,1840072,Z,1840072.0,83.5365853658537,137.0,27.0,XM_015295103.2,1832163.0,1865148.0
+,NC_006103.5,1840073,Z,1840073.0,80.3738317757009,86.0,21.0,XM_015295103.2,1832163.0,1865148.0
+,NC_006103.5,1840075,Z,1840075.0,14.6341463414634,24.0,140.0,XM_015295103.2,1832163.0,1865148.0
+,NC_006103.5,1840076,Z,1840076.0,82.2429906542056,88.0,19.0,XM_015295103.2,1832163.0,1865148.0
+,NC_006103.5,1840105,Z,1840105.0,80.3230543318649,1094.0,268.0,XM_015295103.2,1832163.0,1865148.0
+,NC_006103.5,1840112,Z,1840112.0,80.2037845705968,1102.0,272.0,XM_015295103.2,1832163.0,1865148.0
+,NC_006103.5,1840114,Z,1840114.0,79.4759825327511,1092.0,282.0,XM_015295103.2,1832163.0,1865148.0
+,NC_006103.5,1840117,Z,1840117.0,81.8777292576419,1125.0,249.0,XM_015295103.2,1832163.0,1865148.0
+,NC_006103.5,1840123,Z,1840123.0,81.6593886462882,1122.0,252.0,XM_015295103.2,1832163.0,1865148.0
+,NC_006103.5,1840135,Z,1840135.0,74.7826086956522,1032.0,348.0,XM_015295103.2,1832163.0,1865148.0
+,NC_006103.5,1840140,Z,1840140.0,77.8581765557164,1076.0,306.0,XM_015295103.2,1832163.0,1865148.0
+,NC_006103.5,1840152,Z,1840152.0,69.8263386396527,965.0,417.0,XM_015295103.2,1832163.0,1865148.0
+,NC_006103.5,1840404,Z,1840404.0,76.6917293233083,204.0,62.0,XM_015295103.2,1832163.0,1865148.0
+,NC_006103.5,1840409,Z,1840409.0,80.8270676691729,215.0,51.0,XM_015295103.2,1832163.0,1865148.0
+,NC_006103.5,1840418,Z,1840418.0,82.5757575757576,218.0,46.0,XM_015295103.2,1832163.0,1865148.0
+,NC_006103.5,1840427,Z,1840427.0,82.5757575757576,218.0,46.0,XM_015295103.2,1832163.0,1865148.0
+,NC_006103.5,1840431,Z,1840431.0,78.030303030303,206.0,58.0,XM_015295103.2,1832163.0,1865148.0
+,NC_006103.5,1840435,Z,1840435.0,81.4393939393939,215.0,49.0,XM_015295103.2,1832163.0,1865148.0
+,NC_006103.5,1840440,Z,1840440.0,62.9770992366412,165.0,97.0,XM_015295103.2,1832163.0,1865148.0
+,NC_006103.5,1840540,Z,1840540.0,66.1749745676501,1301.0,665.0,XM_015295103.2,1832163.0,1865148.0
+,NC_006103.5,1840548,Z,1840548.0,69.4710327455919,1379.0,606.0,XM_015295103.2,1832163.0,1865148.0
+,NC_006103.5,1840571,Z,1840571.0,56.5173628585808,1123.0,864.0,XM_015295103.2,1832163.0,1865148.0
+,NC_006103.5,1840576,Z,1840576.0,58.1067472306143,1154.0,832.0,XM_015295103.2,1832163.0,1865148.0
+,NC_006103.5,1840617,Z,1840617.0,79.1192103264996,1042.0,275.0,XM_015295103.2,1832163.0,1865148.0
+,NC_006103.5,1840622,Z,1840622.0,83.7755875663381,1105.0,214.0,XM_015295103.2,1832163.0,1865148.0
+,NC_006103.5,1840628,Z,1840628.0,81.8939393939394,1081.0,239.0,XM_015295103.2,1832163.0,1865148.0
+,NC_006103.5,1840636,Z,1840636.0,81.2830188679245,1077.0,248.0,XM_015295103.2,1832163.0,1865148.0
+,NC_006103.5,1840641,Z,1840641.0,82.605421686747,1097.0,231.0,XM_015295103.2,1832163.0,1865148.0
+,NC_006103.5,1840650,Z,1840650.0,79.0067720090293,1050.0,279.0,XM_015295103.2,1832163.0,1865148.0
+,NC_006103.5,1840689,Z,1840689.0,77.8571428571429,436.0,124.0,XM_015295103.2,1832163.0,1865148.0
+,NC_006103.5,1840694,Z,1840694.0,77.8571428571429,436.0,124.0,XM_015295103.2,1832163.0,1865148.0
+,NC_006103.5,1840704,Z,1840704.0,77.7777777777778,434.0,124.0,XM_015295103.2,1832163.0,1865148.0
+,NC_006103.5,1840708,Z,1840708.0,79.2727272727273,436.0,114.0,XM_015295103.2,1832163.0,1865148.0
+,NC_006103.5,1840710,Z,1840710.0,75.8718861209965,1066.0,339.0,XM_015295103.2,1832163.0,1865148.0
+,NC_006103.5,1840711,Z,1840711.0,77.2563176895307,428.0,126.0,XM_015295103.2,1832163.0,1865148.0
+,NC_006103.5,1840720,Z,1840720.0,78.606615059817,1117.0,304.0,XM_015295103.2,1832163.0,1865148.0
+,NC_006103.5,1840724,Z,1840724.0,77.5510204081633,1102.0,319.0,XM_015295103.2,1832163.0,1865148.0
+,NC_006103.5,1840730,Z,1840730.0,76.2306610407876,1084.0,338.0,XM_015295103.2,1832163.0,1865148.0
+,NC_006103.5,1840733,Z,1840733.0,74.6132208157525,1061.0,361.0,XM_015295103.2,1832163.0,1865148.0
+,NC_006103.5,1840861,Z,1840861.0,62.8654970760234,215.0,127.0,XM_015295103.2,1832163.0,1865148.0
+,NC_006103.5,1840869,Z,1840869.0,64.4314868804665,221.0,122.0,XM_015295103.2,1832163.0,1865148.0
+,NC_006103.5,1840872,Z,1840872.0,58.600583090379,201.0,142.0,XM_015295103.2,1832163.0,1865148.0
+,NC_006103.5,1840884,Z,1840884.0,58.7719298245614,201.0,141.0,XM_015295103.2,1832163.0,1865148.0
+,NC_006103.5,1840974,Z,1840974.0,48.4848484848485,16.0,17.0,XM_015295103.2,1832163.0,1865148.0
+,NC_006103.5,1840984,Z,1840984.0,47.2222222222222,17.0,19.0,XM_015295103.2,1832163.0,1865148.0
+,NC_006103.5,1840987,Z,1840987.0,44.7368421052632,17.0,21.0,XM_015295103.2,1832163.0,1865148.0
+,NC_006103.5,1841189,Z,1841189.0,92.3076923076923,12.0,1.0,XM_015295103.2,1832163.0,1865148.0
+,NC_006103.5,1841195,Z,1841195.0,3.61757105943152,14.0,373.0,XM_015295103.2,1832163.0,1865148.0
+,NC_006103.5,1841197,Z,1841197.0,84.6153846153846,11.0,2.0,XM_015295103.2,1832163.0,1865148.0
+,NC_006103.5,1841198,Z,1841198.0,82.9457364341085,321.0,66.0,XM_015295103.2,1832163.0,1865148.0
+,NC_006103.5,1841204,Z,1841204.0,79.4344473007712,309.0,80.0,XM_015295103.2,1832163.0,1865148.0
+,NC_006103.5,1841208,Z,1841208.0,80.2056555269923,312.0,77.0,XM_015295103.2,1832163.0,1865148.0
+,NC_006103.5,1841211,Z,1841211.0,78.7179487179487,307.0,83.0,XM_015295103.2,1832163.0,1865148.0
+,NC_006103.5,1841213,Z,1841213.0,75.6410256410256,295.0,95.0,XM_015295103.2,1832163.0,1865148.0
+,NC_006103.5,1841218,Z,1841218.0,81.025641025641,316.0,74.0,XM_015295103.2,1832163.0,1865148.0
+,NC_006103.5,1841227,Z,1841227.0,80.7792207792208,311.0,74.0,XM_015295103.2,1832163.0,1865148.0
+,NC_006103.5,1841233,Z,1841233.0,83.8541666666667,322.0,62.0,XM_015295103.2,1832163.0,1865148.0
+,NC_006103.5,1841239,Z,1841239.0,76.8229166666667,295.0,89.0,XM_015295103.2,1832163.0,1865148.0
+,NC_006103.5,1841245,Z,1841245.0,82.7676240208877,317.0,66.0,XM_015295103.2,1832163.0,1865148.0
+,NC_006103.5,1841296,Z,1841296.0,78.494623655914,584.0,160.0,XM_015295103.2,1832163.0,1865148.0
+,NC_006103.5,1841300,Z,1841300.0,77.3889636608344,575.0,168.0,XM_015295103.2,1832163.0,1865148.0
+,NC_006103.5,1841316,Z,1841316.0,79.7315436241611,594.0,151.0,XM_015295103.2,1832163.0,1865148.0
+,NC_006103.5,1841317,Z,1841317.0,72.1003134796238,460.0,178.0,XM_015295103.2,1832163.0,1865148.0
+,NC_006103.5,1841321,Z,1841321.0,72.6907630522088,543.0,204.0,XM_015295103.2,1832163.0,1865148.0
+,NC_006103.5,1841322,Z,1841322.0,67.3046251993621,422.0,205.0,XM_015295103.2,1832163.0,1865148.0
+,NC_006103.5,1841334,Z,1841334.0,81.3922356091031,608.0,139.0,XM_015295103.2,1832163.0,1865148.0
+,NC_006103.5,1841335,Z,1841335.0,76.9470404984424,494.0,148.0,XM_015295103.2,1832163.0,1865148.0
+,NC_006103.5,1841336,Z,1841336.0,81.5261044176707,609.0,138.0,XM_015295103.2,1832163.0,1865148.0
+,NC_006103.5,1841337,Z,1841337.0,76.9592476489028,491.0,147.0,XM_015295103.2,1832163.0,1865148.0
+,NC_006103.5,1841349,Z,1841349.0,78.816199376947,506.0,136.0,XM_015295103.2,1832163.0,1865148.0
+,NC_006103.5,1841352,Z,1841352.0,75.6630265210608,485.0,156.0,XM_015295103.2,1832163.0,1865148.0
+,NC_006103.5,1841354,Z,1841354.0,76.7550702028081,492.0,149.0,XM_015295103.2,1832163.0,1865148.0
+,NC_006103.5,1841360,Z,1841360.0,78.6499215070644,501.0,136.0,XM_015295103.2,1832163.0,1865148.0
+,NC_006103.5,1841424,Z,1841424.0,75.2750809061489,1163.0,382.0,XM_015295103.2,1832163.0,1865148.0
+,NC_006103.5,1841429,Z,1841429.0,74.8873148744366,1163.0,390.0,XM_015295103.2,1832163.0,1865148.0
+,NC_006103.5,1841441,Z,1841441.0,74.3277848911652,1161.0,401.0,XM_015295103.2,1832163.0,1865148.0
+,NC_006103.5,1841503,Z,1841503.0,60.8150470219436,194.0,125.0,XM_015295103.2,1832163.0,1865148.0
+,NC_006103.5,1841510,Z,1841510.0,84.3379701184956,1637.0,304.0,XM_015295103.2,1832163.0,1865148.0
+,NC_006103.5,1841511,Z,1841511.0,67.7115987460815,216.0,103.0,XM_015295103.2,1832163.0,1865148.0
+,NC_006103.5,1841516,Z,1841516.0,83.3504624871531,1622.0,324.0,XM_015295103.2,1832163.0,1865148.0
+,NC_006103.5,1841524,Z,1841524.0,73.9085772984078,1439.0,508.0,XM_015295103.2,1832163.0,1865148.0
+,NC_006103.5,1841554,Z,1841554.0,79.4162826420891,1551.0,402.0,XM_015295103.2,1832163.0,1865148.0
+,NC_006103.5,1841558,Z,1841558.0,72.7692307692308,1419.0,531.0,XM_015295103.2,1832163.0,1865148.0
+,NC_006103.5,1841706,Z,1841706.0,82.0143884892086,114.0,25.0,XM_015295103.2,1832163.0,1865148.0
+,NC_006103.5,1841717,Z,1841717.0,76.7605633802817,109.0,33.0,XM_015295103.2,1832163.0,1865148.0
+,NC_006103.5,1841724,Z,1841724.0,76.7605633802817,109.0,33.0,XM_015295103.2,1832163.0,1865148.0
+,NC_006103.5,1841735,Z,1841735.0,73.2394366197183,104.0,38.0,XM_015295103.2,1832163.0,1865148.0
+,NC_006103.5,1841738,Z,1841738.0,72.5352112676056,103.0,39.0,XM_015295103.2,1832163.0,1865148.0
+,NC_006103.5,1841742,Z,1841742.0,71.1267605633803,101.0,41.0,XM_015295103.2,1832163.0,1865148.0
+,NC_006103.5,1841745,Z,1841745.0,69.7183098591549,99.0,43.0,XM_015295103.2,1832163.0,1865148.0
+,NC_006103.5,1841749,Z,1841749.0,64.7887323943662,92.0,50.0,XM_015295103.2,1832163.0,1865148.0
+,NC_006103.5,1841947,Z,1841947.0,86.6666666666667,13.0,2.0,XM_015295103.2,1832163.0,1865148.0
+,NC_006103.5,1841950,Z,1841950.0,100.0,15.0,0.0,XM_015295103.2,1832163.0,1865148.0
+,NC_006103.5,1841951,Z,1841951.0,75.0,12.0,4.0,XM_015295103.2,1832163.0,1865148.0
+,NC_006103.5,1841955,Z,1841955.0,100.0,15.0,0.0,XM_015295103.2,1832163.0,1865148.0
+,NC_006103.5,1841956,Z,1841956.0,81.25,13.0,3.0,XM_015295103.2,1832163.0,1865148.0
+,NC_006103.5,1841960,Z,1841960.0,93.3333333333333,14.0,1.0,XM_015295103.2,1832163.0,1865148.0
+,NC_006103.5,1841961,Z,1841961.0,68.75,11.0,5.0,XM_015295103.2,1832163.0,1865148.0
+,NC_006103.5,1841965,Z,1841965.0,75.0,12.0,4.0,XM_015295103.2,1832163.0,1865148.0
+,NC_006103.5,1841978,Z,1841978.0,67.3251028806584,818.0,397.0,XM_015295103.2,1832163.0,1865148.0
+,NC_006103.5,1841994,Z,1841994.0,70.1970443349754,855.0,363.0,XM_015295103.2,1832163.0,1865148.0
+,NC_006103.5,1842009,Z,1842009.0,69.5581014729951,850.0,372.0,XM_015295103.2,1832163.0,1865148.0
+,NC_006103.5,1842272,Z,1842272.0,63.1578947368421,12.0,7.0,XM_015295103.2,1832163.0,1865148.0
+,NC_006103.5,1842312,Z,1842312.0,49.3150684931507,72.0,74.0,XM_015295103.2,1832163.0,1865148.0
+,NC_006103.5,1842381,Z,1842381.0,100.0,21.0,0.0,XM_015295103.2,1832163.0,1865148.0
+,NC_006103.5,1842382,Z,1842382.0,12.0879120879121,55.0,400.0,XM_015295103.2,1832163.0,1865148.0
+,NC_006103.5,1842385,Z,1842385.0,90.4761904761905,19.0,2.0,XM_015295103.2,1832163.0,1865148.0
+,NC_006103.5,1842386,Z,1842386.0,93.8461538461538,427.0,28.0,XM_015295103.2,1832163.0,1865148.0
+,NC_006103.5,1842388,Z,1842388.0,100.0,21.0,0.0,XM_015295103.2,1832163.0,1865148.0
+,NC_006103.5,1842389,Z,1842389.0,90.3296703296703,411.0,44.0,XM_015295103.2,1832163.0,1865148.0
+,NC_006103.5,1842411,Z,1842411.0,90.4761904761905,19.0,2.0,XM_015295103.2,1832163.0,1865148.0
+,NC_006103.5,1842412,Z,1842412.0,67.9120879120879,309.0,146.0,XM_015295103.2,1832163.0,1865148.0
+,NC_006103.5,1842428,Z,1842428.0,90.0662251655629,408.0,45.0,XM_015295103.2,1832163.0,1865148.0
+,NC_006103.5,1842507,Z,1842507.0,61.9047619047619,39.0,24.0,XM_015295103.2,1832163.0,1865148.0
+,NC_006103.5,1842516,Z,1842516.0,60.9375,39.0,25.0,XM_015295103.2,1832163.0,1865148.0
+,NC_006103.5,1842541,Z,1842541.0,62.5,40.0,24.0,XM_015295103.2,1832163.0,1865148.0
-,NC_006103.5,2576070,z,2576070.0,65.625,21.0,11.0,XM_015294964.2,2575073.0,2579766.0
+,NC_006104.5,2619257,Z,2619257.0,92.8571428571429,13.0,1.0,XM_015279683.2,2601751.0,2733001.0
+,NC_006104.5,2662263,Z,2662263.0,100.0,16.0,0.0,XM_015279683.2,2601751.0,2733001.0
+,NC_006104.5,3906318,Z,3906318.0,77.7777777777778,14.0,4.0,XM_004945799.3,3806392.0,3932752.0
+,NC_006104.5,3906365,Z,3906365.0,72.2222222222222,13.0,5.0,XM_004945799.3,3806392.0,3932752.0
+,NC_006104.5,5293958,Z,5293958.0,100.0,11.0,0.0,XM_015279714.2,5290326.5,5298626.5
+,NC_006104.5,8444691,Z,8444691.0,100.0,11.0,0.0,NM_001031474.1,8441423.5,8453680.0
+,NC_006104.5,8444708,Z,8444708.0,100.0,11.0,0.0,NM_001031474.1,8441423.5,8453680.0
+,NC_006104.5,10168610,Z,10168610.0,100.0,16.0,0.0,XM_015279389.2,10145412.0,10264629.5
+,NC_006104.5,10294508,Z,10294508.0,100.0,15.0,0.0,XM_015279394.2,10266985.0,10308758.0
-,NC_006104.5,854373,z,854373.0,84.6153846153846,11.0,2.0,XM_004945725.3,843515.0,860970.0
-,NC_006104.5,1338731,z,1338731.0,92.8571428571429,13.0,1.0,XM_015279635.2,1338038.0,1345101.5
-,NC_006104.5,1581705,z,1581705.0,84.2105263157895,16.0,3.0,NM_001048051.2,1579405.0,1735340.0
+,NC_006105.5,8338456,Z,8338456.0,92.3076923076923,12.0,1.0,XM_025141548.1,8189753.0,8488020.0
+,NC_006105.5,9089270,Z,9089270.0,100.0,15.0,0.0,NM_001278012.1,9055634.5,9100219.0
+,NC_006105.5,9133548,Z,9133548.0,92.3076923076923,12.0,1.0,XM_004946248.2,9129105.0,9133808.5
+,NC_006105.5,9133551,Z,9133551.0,84.6153846153846,11.0,2.0,XM_004946248.2,9129105.0,9133808.5
+,NC_006105.5,9133573,Z,9133573.0,92.3076923076923,12.0,1.0,XM_004946248.2,9129105.0,9133808.5
+,NC_006105.5,9133582,Z,9133582.0,92.3076923076923,12.0,1.0,XM_004946248.2,9129105.0,9133808.5
+,NC_006105.5,9239198,Z,9239198.0,100.0,11.0,0.0,XM_004946256.3,9223743.5,9239455.0
+,NC_006105.5,9733215,Z,9733215.0,91.304347826087,21.0,2.0,XM_015295591.2,9731998.0,9737216.0
+,NC_006105.5,9733224,Z,9733224.0,100.0,23.0,0.0,XM_015295591.2,9731998.0,9737216.0
-,NC_006105.5,357210,z,357210.0,77.7777777777778,14.0,4.0,NM_001319304.1,347113.0,391929.5
-,NC_006105.5,7775402,z,7775402.0,84.6153846153846,11.0,2.0,XM_015279952.2,7775289.5,7798243.0
-,NC_006105.5,9295186,z,9295186.0,87.5,28.0,4.0,XM_015295622.2,9293949.0,9299716.0
-,NC_006105.5,9295204,z,9295204.0,93.75,30.0,2.0,XM_015295622.2,9293949.0,9299716.0
-,NC_006105.5,9295208,z,9295208.0,65.625,21.0,11.0,XM_015295622.2,9293949.0,9299716.0
+,NC_006106.5,863015,Z,863015.0,100.0,15.0,0.0,XM_003642382.4,859264.5,864348.0
+,NC_006106.5,863032,Z,863032.0,100.0,15.0,0.0,XM_003642382.4,859264.5,864348.0
+,NC_006106.5,4194586,Z,4194586.0,100.0,19.0,0.0,XM_015296001.2,4145539.0,4263716.0
+,NC_006106.5,4456694,Z,4456694.0,100.0,11.0,0.0,XM_415767.6,4447944.0,4457089.0
+,NC_006106.5,7404143,Z,7404143.0,56.0,14.0,11.0,XM_001235277.4,7394650.5,7416816.0
+,NC_006106.5,9426500,Z,9426500.0,92.0,23.0,2.0,XM_415916.6,9426136.0,9447612.5
+,NC_006106.5,9426537,Z,9426537.0,100.0,25.0,0.0,XM_415916.6,9426136.0,9447612.5
-,NC_006106.5,5692241,z,5692241.0,82.7586206896552,24.0,5.0,XM_025142065.1,5692017.0,5736614.0
-,NC_006106.5,5692246,z,5692246.0,65.5172413793103,19.0,10.0,XM_025142065.1,5692017.0,5736614.0
-,NC_006106.5,6121220,z,6121220.0,86.9565217391304,20.0,3.0,XM_015295882.2,6115607.5,6121571.0
-,NC_006106.5,6121245,z,6121245.0,56.5217391304348,13.0,10.0,XM_015295882.2,6115607.5,6121571.0
-,NC_006106.5,6121578,z,6121578.0,85.1851851851852,23.0,4.0,XM_025142084.1,6121571.0,6146308.0
-,NC_006106.5,8926967,z,8926967.0,93.3333333333333,14.0,1.0,XM_015296172.2,8925960.0,8940356.5
-,NC_006106.5,8926981,z,8926981.0,93.3333333333333,14.0,1.0,XM_015296172.2,8925960.0,8940356.5
-,NC_006106.5,8926991,z,8926991.0,93.3333333333333,14.0,1.0,XM_015296172.2,8925960.0,8940356.5
+,NC_006107.5,10124075,Z,10124075.0,100.0,15.0,0.0,XM_417455.6,10110125.0,10124727.0
+,NC_006107.5,10124084,Z,10124084.0,100.0,15.0,0.0,XM_417455.6,10110125.0,10124727.0
+,NC_006107.5,10627329,Z,10627329.0,68.75,11.0,5.0,NM_204665.2,10613753.0,10635773.5
+,NC_006107.5,11500708,Z,11500708.0,68.0,17.0,8.0,XM_025142265.1,11499633.0,11527418.0
-,NC_006107.5,9186031,z,9186031.0,85.7142857142857,12.0,2.0,XM_429641.4,9158910.0,9228196.0
+,NC_006108.5,635126,Z,635126.0,100.0,11.0,0.0,NM_001006298.1,632347.5,635607.5
+,NC_006108.5,1155338,Z,1155338.0,92.3076923076923,12.0,1.0,XM_025142646.1,1143512.0,1242828.0
+,NC_006109.5,3854760,Z,3854760.0,94.1176470588235,16.0,1.0,XM_015297467.2,3853698.0,3861562.0
+,NC_006109.5,3854771,Z,3854771.0,88.2352941176471,15.0,2.0,XM_015297467.2,3853698.0,3861562.0
+,NC_006109.5,3854787,Z,3854787.0,64.7058823529412,11.0,6.0,XM_015297467.2,3853698.0,3861562.0
+,NC_006109.5,4134813,Z,4134813.0,78.7878787878788,26.0,7.0,XM_423959.6,4133150.0,4142065.0
-,NC_006109.5,1929432,z,1929432.0,87.7551020408163,43.0,6.0,XM_424530.5,1926905.0,2030669.0
+,NC_006110.5,2188538,Z,2188538.0,69.5652173913043,16.0,7.0,XM_025143039.1,2179030.5,2201590.0
+,NC_006110.5,3615543,Z,3615543.0,60.0,12.0,8.0,NM_001031584.1,3513457.0,3624235.0
+,NC_006110.5,4402603,Z,4402603.0,72.2222222222222,13.0,5.0,XM_015297803.2,4383543.0,4406667.0
-,NC_006110.5,2563555,z,2563555.0,94.4444444444444,17.0,1.0,NM_001257294.1,2553900.0,2580902.5
+,NC_006111.5,1544990,Z,1544990.0,100.0,18.0,0.0,XM_025143293.1,1540929.0,1556667.5
-,NC_006111.5,178640,z,178640.0,92.3076923076923,12.0,1.0,XM_015297936.2,167966.0,203405.5
-,NC_006111.5,178655,z,178655.0,92.3076923076923,12.0,1.0,XM_015297936.2,167966.0,203405.5
-,NC_006111.5,2127393,z,2127393.0,75.0,15.0,5.0,NM_204687.2,2114079.5,2145455.0
-,NC_006111.5,2127436,z,2127436.0,70.0,14.0,6.0,NM_204687.2,2114079.5,2145455.0
-,NC_006111.5,4539255,z,4539255.0,95.4545454545455,21.0,1.0,XM_025143185.1,4498595.0,4545459.5
-,NC_006111.5,5369084,z,5369084.0,78.5714285714286,11.0,3.0,NM_001302184.1,5362865.0,5405808.0
-,NC_006111.5,5369106,z,5369106.0,92.8571428571429,13.0,1.0,NM_001302184.1,5362865.0,5405808.0
-,NC_006111.5,5369121,z,5369121.0,92.8571428571429,13.0,1.0,NM_001302184.1,5362865.0,5405808.0
-,NC_006111.5,5455395,z,5455395.0,93.75,30.0,2.0,XM_417914.6,5454051.5,5457617.5
-,NC_006111.5,5455410,z,5455410.0,96.875,31.0,1.0,XM_417914.6,5454051.5,5457617.5
-,NC_006111.5,5455435,z,5455435.0,93.5483870967742,29.0,2.0,XM_417914.6,5454051.5,5457617.5
-,NC_006111.5,5686479,z,5686479.0,80.9523809523809,17.0,4.0,XM_015298271.2,5683935.0,5691037.0
+,NC_006113.5,436594,Z,436594.0,94.1176470588235,16.0,1.0,XM_015298727.2,433994.0,459888.5
+,NC_006113.5,1401096,Z,1401096.0,100.0,13.0,0.0,XM_015299147.2,1383708.5,1406873.0
+,NC_006113.5,1401143,Z,1401143.0,100.0,13.0,0.0,XM_015299147.2,1383708.5,1406873.0
+,NC_006113.5,1688614,Z,1688614.0,76.9230769230769,60.0,18.0,NM_205250.1,1675740.5,1693752.5
+,NC_006113.5,2065535,Z,2065535.0,100.0,19.0,0.0,XM_015299089.2,2059716.5,2068241.0
+,NC_006113.5,2065557,Z,2065557.0,100.0,19.0,0.0,XM_015299089.2,2059716.5,2068241.0
+,NC_006113.5,4485801,Z,4485801.0,100.0,13.0,0.0,XM_015298990.2,4440790.0,4499444.5
+,NC_006113.5,4485806,Z,4485806.0,84.6153846153846,11.0,2.0,XM_015298990.2,4440790.0,4499444.5
+,NC_006113.5,4485844,Z,4485844.0,84.6153846153846,11.0,2.0,XM_015298990.2,4440790.0,4499444.5
+,NC_006113.5,4854706,Z,4854706.0,68.75,11.0,5.0,XM_004948413.3,4806258.5,4857110.0
+,NC_006113.5,5221757,Z,5221757.0,92.8571428571429,13.0,1.0,XM_004948447.3,5199433.5,5221764.0
+,NC_006113.5,5221781,Z,5221781.0,85.7142857142857,12.0,2.0,XM_418055.6,5221764.0,5255353.5
+,NC_006113.5,5221801,Z,5221801.0,85.7142857142857,12.0,2.0,XM_418055.6,5221764.0,5255353.5
-,NC_006113.5,85897,z,85897.0,77.2727272727273,17.0,5.0,XM_025143713.1,77445.0,89537.0
-,NC_006113.5,2553048,z,2553048.0,94.7368421052632,18.0,1.0,NM_001004414.2,2549580.5,2562726.5
+,NC_006114.5,5103825,Z,5103825.0,93.3333333333333,14.0,1.0,XM_015299309.2,5090519.0,5105323.5
+,NC_006114.5,5103848,Z,5103848.0,93.3333333333333,14.0,1.0,XM_015299309.2,5090519.0,5105323.5
+,NC_006114.5,5103858,Z,5103858.0,73.3333333333333,11.0,4.0,XM_015299309.2,5090519.0,5105323.5
+,NC_006114.5,5104080,Z,5104080.0,100.0,13.0,0.0,XM_015299309.2,5090519.0,5105323.5
+,NC_006114.5,5104102,Z,5104102.0,100.0,13.0,0.0,XM_015299309.2,5090519.0,5105323.5
+,NC_006114.5,5448509,Z,5448509.0,100.0,12.0,0.0,XM_015273210.2,5448424.5,5455780.0
+,NC_006114.5,5458012,Z,5458012.0,100.0,13.0,0.0,XM_015273212.2,5455780.0,5458889.0
+,NC_006114.5,5458019,Z,5458019.0,100.0,13.0,0.0,XM_015273212.2,5455780.0,5458889.0
+,NC_006114.5,5458024,Z,5458024.0,84.6153846153846,11.0,2.0,XM_015273212.2,5455780.0,5458889.0
+,NC_006114.5,6965778,Z,6965778.0,85.7142857142857,12.0,2.0,XM_425866.6,6965457.0,6984130.5
+,NC_006114.5,6965796,Z,6965796.0,92.8571428571429,13.0,1.0,XM_425866.6,6965457.0,6984130.5
+,NC_006114.5,6965802,Z,6965802.0,92.8571428571429,13.0,1.0,XM_425866.6,6965457.0,6984130.5
-,NC_006114.5,4185995,z,4185995.0,75.0,12.0,4.0,XM_418066.5,4155758.5,4416908.5
-,NC_006114.5,4186037,z,4186037.0,68.75,11.0,5.0,XM_418066.5,4155758.5,4416908.5
-,NC_006114.5,5662066,z,5662066.0,80.0,16.0,4.0,XM_015299468.2,5618325.5,5664862.5
-,NC_006114.5,5713768,z,5713768.0,81.25,13.0,3.0,XM_025143981.1,5707244.0,5717633.5
-,NC_006114.5,5713779,z,5713779.0,83.3333333333333,15.0,3.0,XM_025143981.1,5707244.0,5717633.5
+,NC_006115.5,977474,Z,977474.0,100.0,13.0,0.0,XM_425881.6,973336.5,979103.5
+,NC_006115.5,977479,Z,977479.0,84.6153846153846,11.0,2.0,XM_425881.6,973336.5,979103.5
+,NC_006115.5,977518,Z,977518.0,100.0,13.0,0.0,XM_425881.6,973336.5,979103.5
+,NC_006115.5,1275998,Z,1275998.0,100.0,11.0,0.0,XM_025144376.1,1263417.0,1277738.5
+,NC_006115.5,1276046,Z,1276046.0,100.0,11.0,0.0,XM_025144376.1,1263417.0,1277738.5
+,NC_006115.5,2438777,Z,2438777.0,94.1176470588235,16.0,1.0,NM_204486.2,2424753.0,2465105.0
+,NC_006115.5,2438782,Z,2438782.0,100.0,17.0,0.0,NM_204486.2,2424753.0,2465105.0
+,NC_006115.5,2438786,Z,2438786.0,100.0,17.0,0.0,NM_204486.2,2424753.0,2465105.0
+,NC_006115.5,3241473,Z,3241473.0,100.0,11.0,0.0,XM_015299971.2,3226294.0,3249831.0
+,NC_006115.5,3979036,Z,3979036.0,100.0,23.0,0.0,XM_025144323.1,3976281.0,3981065.0
+,NC_006115.5,3979051,Z,3979051.0,100.0,23.0,0.0,XM_025144323.1,3976281.0,3981065.0
+,NC_006115.5,4698326,Z,4698326.0,73.3333333333333,11.0,4.0,XM_004948948.3,4602474.5,4709879.5
-,NC_006115.5,1225482,z,1225482.0,95.0,19.0,1.0,XM_015299680.2,1206895.0,1235156.0
-,NC_006115.5,1225518,z,1225518.0,95.0,19.0,1.0,XM_015299680.2,1206895.0,1235156.0
-,NC_006115.5,1805574,z,1805574.0,63.1578947368421,12.0,7.0,XM_004948751.2,1787367.0,1807300.0
-,NC_006115.5,1861115,z,1861115.0,66.6666666666667,12.0,6.0,NM_205254.1,1841893.0,1884831.5
-,NC_006115.5,2253247,z,2253247.0,92.8571428571429,26.0,2.0,XM_025144344.1,2247232.0,2260936.5
-,NC_006115.5,2582221,z,2582221.0,94.4444444444444,34.0,2.0,XM_015299917.1,2580665.0,2593527.5
-,NC_006115.5,2582239,z,2582239.0,94.4444444444444,34.0,2.0,XM_015299917.1,2580665.0,2593527.5
+,NC_006127.5,9202978,Z,9202978.0,100.0,11.0,0.0,XM_015277260.2,9191773.0,9207287.0
+,NC_006127.5,22982666,Z,22982666.0,91.6666666666667,11.0,1.0,NM_001167729.1,22943928.5,23112834.5
+,NC_006127.5,22982683,Z,22982683.0,91.6666666666667,11.0,1.0,NM_001167729.1,22943928.5,23112834.5
-,NC_006127.5,6687479,z,6687479.0,66.6666666666667,16.0,8.0,XM_015277296.2,6540878.5,6924124.0
-,NC_006127.5,6923044,z,6923044.0,89.4736842105263,17.0,2.0,XM_015277296.2,6540878.5,6924124.0
-,NC_006127.5,28809177,z,28809177.0,85.7142857142857,12.0,2.0,XM_025145231.1,28784786.0,29777690.0
+,NC_008465.4,5822038,Z,5822038.0,100.0,17.0,0.0,XM_025145590.1,5812858.0,5827597.0
+,NC_008465.4,6974638,Z,6974638.0,100.0,15.0,0.0,NM_001012939.1,6964092.5,6977486.5
+,NC_008465.4,7726531,Z,7726531.0,95.6521739130435,22.0,1.0,XM_015300358.2,7724146.0,7730143.0
+,NC_008465.4,7726543,Z,7726543.0,78.2608695652174,18.0,5.0,XM_015300358.2,7724146.0,7730143.0
+,NC_008465.4,7726546,Z,7726546.0,100.0,23.0,0.0,XM_015300358.2,7724146.0,7730143.0
+,NC_008465.4,7726550,Z,7726550.0,82.6086956521739,19.0,4.0,XM_015300358.2,7724146.0,7730143.0
+,NC_008465.4,7726552,Z,7726552.0,65.2173913043478,15.0,8.0,XM_015300358.2,7724146.0,7730143.0
+,NC_008465.4,7726558,Z,7726558.0,100.0,23.0,0.0,XM_015300358.2,7724146.0,7730143.0
+,NC_008465.4,7726573,Z,7726573.0,78.2608695652174,18.0,5.0,XM_015300358.2,7724146.0,7730143.0
+,NC_008465.4,7727202,Z,7727202.0,91.6666666666667,11.0,1.0,XM_015300358.2,7724146.0,7730143.0
+,NC_008465.4,7727213,Z,7727213.0,91.6666666666667,11.0,1.0,XM_015300358.2,7724146.0,7730143.0
-,NC_008465.4,5007043,z,5007043.0,85.7142857142857,12.0,2.0,XM_025145607.1,4992939.5,5011317.5
-,NC_008465.4,5007047,z,5007047.0,85.7142857142857,12.0,2.0,XM_025145607.1,4992939.5,5011317.5
-,NC_008465.4,5798659,z,5798659.0,92.3076923076923,12.0,1.0,XM_015300235.2,5798332.0,5812858.0
+,NW_020110165.1,227382,Z,227382.0,100.0,11.0,0.0,XM_025146402.1,219639.0,233204.5
